-- Insertar Ciudad
  INSERT INTO "Ciudad" (id, nombre, departamento, descripcion) VALUES
    (2, 'Villa Nueva',      'Guatemala',        'Municipio de Guatemala'),
    (3, 'Huehuetenango',    'Huehuetenango',    'Ciudad de Huehuetenango'),
    (4, 'Quetzaltenango',   'Quetzaltenango',   'Ciudad de xela');

  -- Insert para Sucursal
  INSERT INTO "Sucursal" (id, nombre, direccion, latitud, longitud, ciudad_id, tipo_sucursal_id) VALUES
    (2, 'Anexa Guatemala',      'Direcci贸n 2', 14.634915, -90.506882, 1, 2),
    (3, 'Sucursal Villa Nueva', 'Direcci贸n 3', 14.634915, -90.506882, 2, 1),
    (4, 'Sucursal Huehue',      'Direcci贸n 4', 14.634915, -90.506882, 3, 1),
    (5, 'Sucursal Xela',        'Direcci贸n 5', 14.634915, -90.506882, 4, 1);

  -- Insertar Usuario
  INSERT INTO "Usuario" (id, nombre, username, email, password, horas, rol_id, sucursal_id, puesto_id) VALUES 
                        (2,  'Usuario_2',   'usuario_2',    'usuario2@gmail.com',   '$2b$12$KgOW9J/732zxoXBmmcxmSeKFRpOSMfkgDSI/17OlcvliLHCGBTX3y', 30, 2, 1, 2),
                        (3,  'Usuario_3',   'usuario_3',    'usuario3@gmail.com',   '$2b$12$KgOW9J/732zxoXBmmcxmSeKFRpOSMfkgDSI/17OlcvliLHCGBTX3y', 30, 2, 2, 3),
                        (4,  'Usuario_4',   'usuario_4',    'usuario4@gmail.com',   '$2b$12$KgOW9J/732zxoXBmmcxmSeKFRpOSMfkgDSI/17OlcvliLHCGBTX3y', 55, 2, 2, 4),
                        (5,  'Usuario_5',   'usuario_5',    'usuario5@gmail.com',   '$2b$12$KgOW9J/732zxoXBmmcxmSeKFRpOSMfkgDSI/17OlcvliLHCGBTX3y', 40, 2, 3, 1),
                        (6,  'Usuario_6',   'usuario_6',    'usuario6@gmail.com',   '$2b$12$KgOW9J/732zxoXBmmcxmSeKFRpOSMfkgDSI/17OlcvliLHCGBTX3y', 45, 2, 3, 2),
                        (7,  'Usuario_7',   'usuario_7',    'usuario7@gmail.com',   '$2b$12$KgOW9J/732zxoXBmmcxmSeKFRpOSMfkgDSI/17OlcvliLHCGBTX3y', 50, 2, 4, 3),
                        (8,  'Usuario_8',   'usuario_8',    'usuario8@gmail.com',   '$2b$12$KgOW9J/732zxoXBmmcxmSeKFRpOSMfkgDSI/17OlcvliLHCGBTX3y', 35, 2, 4, 4),
                        (9,  'Usuario_9',   'usuario_9',    'usuario9@gmail.com',   '$2b$12$KgOW9J/732zxoXBmmcxmSeKFRpOSMfkgDSI/17OlcvliLHCGBTX3y', 40, 2, 5, 1),
                        (10, 'Usuario_10',  'usuario_10',   'usuario10@gmail.com',  '$2b$12$KgOW9J/732zxoXBmmcxmSeKFRpOSMfkgDSI/17OlcvliLHCGBTX3y', 35, 2, 5, 2);

-- Insertar Vehiculos
INSERT INTO public."Vehiculo"(id, placa, capacidad_lb, costo_km, tipo_vehiculo_id, sucursal_id)VALUES 
                             (1, 'P-0001', 200, 25, 1, 1),
                             (2, 'P-0002', 100, 25, 2, 2),
                             (3, 'P-0003', 150, 25, 3, 3),
                             (4, 'P-0004', 200, 25, 4, 4),
                             (5, 'P-0005', 250, 25, 1, 5),
                             (6, 'P-0006', 300, 25, 2, 1),
                             (7, 'P-0007', 210, 25, 3, 2),
                             (8, 'P-0008', 180, 25, 4, 3),
                             (9, 'P-0009', 200, 25, 1, 4),
                             (10, 'P-0010', 230, 25, 2, 5);




--Extras
INSERT INTO public."Segmento" VALUES 
(1, 1, 2, 'Ruta Capital', 20),
(2, 2, 1, 'Ruta Capital', 20),
(3, 1, 5, 'Ruta Guate-Xela', 180),
(4, 5, 1, 'Ruta Guate-Xela', 180),
(5, 5, 4, 'Ruta Xela-Huehu', 76),
(6, 4, 5, 'Ruta Xela-Huehu', 76),
(7, 1, 3, 'Ruta Guate-Villa Nueva', 35),
(8, 3, 1, 'Ruta Guate-Villa Nueva', 35);


INSERT INTO public."Salida" VALUES 
(5, 1, 6, 1, NULL, NULL, '2023-10-28 19:36:13.62', '', 1.67, 300, 0, 0),
(6, 1, 6, 2, NULL, NULL, '2023-10-28 19:36:13.62', '', 1.67, 300, 0, 0),
(7, 1, 8, 8, NULL, NULL, '2023-10-28 19:37:43.892', '', 4.86, 180, 0, 0),
(8, 1, 8, 7, NULL, NULL, '2023-10-28 19:37:43.892', '', 4.86, 180, 0, 0),
(9, 1, 9, 6, NULL, NULL, '2023-10-28 19:38:14.564', '', 9.5, 200, 0, 0),
(10, 1, 9, 5, NULL, NULL, '2023-10-28 19:38:14.564', '', 9.5, 200, 0, 0),
(11, 1, 10, 4, NULL, NULL, '2023-10-28 19:39:14.681', '', 19.57, 230, 0, 0),
(12, 1, 10, 3, NULL, NULL, '2023-10-28 19:39:14.681', '', 19.57, 230, 0, 0);